{
  "cosine_p1": 0.5714285714285714,
  "gt_curve": [
    [
      1,
      0.6428571428571429
    ],
    [
      2,
      0.7142857142857143
    ],
    [
      4,
      0.6428571428571429
    ],
    [
      6,
      0.7142857142857143
    ],
    [
      8,
      0.6428571428571429
    ],
    [
      10,
      0.7142857142857143
    ],
    [
      12,
      0.7142857142857143
    ],
    [
      14,
      0.7142857142857143
    ],
    [
      16,
      0.7142857142857143
    ],
    [
      18,
      0.7857142857142857
    ],
    [
      20,
      0.7857142857142857
    ]
  ],
  "auto_curve": [
    [
      1,
      0.5714285714285714
    ],
    [
      2,
      0.5714285714285714
    ],
    [
      4,
      0.6428571428571429
    ],
    [
      6,
      0.6428571428571429
    ],
    [
      8,
      0.6428571428571429
    ],
    [
      10,
      0.6428571428571429
    ],
    [
      12,
      0.7142857142857143
    ],
    [
      14,
      0.7142857142857143
    ],
    [
      16,
      0.7142857142857143
    ],
    [
      18,
      0.7142857142857143
    ],
    [
      20,
      0.7142857142857143
    ]
  ]
}