{
  "name": "dgd-gt-locomo-9",
  "config": {
    "name": "dgd-gt-locomo-9",
    "dataset": "LoCoMo-full-9",
    "method": "dgd_gt",
    "dgd": {
      "dim": 256,
      "alpha": 1.0,
      "eta": 0.01
    },
    "rounds": 3,
    "eval_every": 1
  },
  "dataset": "LoCoMo-full-9",
  "n_fragments": 30,
  "n_questions": 202,
  "rounds": [
    {
      "round": 1,
      "metrics": {
        "1": 0.2722772277227723,
        "3": 0.4158415841584158,
        "5": 0.5099009900990099
      },
      "updates": 202,
      "correct": 202,
      "feedback_accuracy": 1.0,
      "errors": 0,
      "elapsed": 1.9
    },
    {
      "round": 2,
      "metrics": {
        "1": 0.27722772277227725,
        "3": 0.4306930693069307,
        "5": 0.504950495049505
      },
      "updates": 202,
      "correct": 202,
      "feedback_accuracy": 1.0,
      "errors": 0,
      "elapsed": 1.9
    },
    {
      "round": 3,
      "metrics": {
        "1": 0.29207920792079206,
        "3": 0.4504950495049505,
        "5": 0.5198019801980198
      },
      "updates": 202,
      "correct": 202,
      "feedback_accuracy": 1.0,
      "errors": 0,
      "elapsed": 1.9
    }
  ]
}