{
  "before": {
    "cards": 31,
    "metrics": {
      "1": 0.9516129032258065,
      "3": 0.9838709677419355,
      "5": 1.0
    }
  },
  "after": {
    "cards": 31,
    "metrics": {
      "1": 0.9516129032258065,
      "3": 0.9838709677419355,
      "5": 1.0
    }
  },
  "questions": 62,
  "improved": 0,
  "degraded": 0
}