{
  "algorithm": "gen057-island3-001",
  "score_on_locomo": 0.876,
  "longmemeval_results": {
    "1": {
      "p1": 0.6361702127659574,
      "p3": 0.825531914893617,
      "p5": 0.9,
      "elapsed": 38.62316107749939
    },
    "3": {
      "p1": 0.8148936170212766,
      "p3": 0.948936170212766,
      "p5": 0.9765957446808511,
      "elapsed": 24.47374725341797
    },
    "5": {
      "p1": 0.8617021276595744,
      "p3": 0.9765957446808511,
      "p5": 0.9872340425531915,
      "elapsed": 40.79778718948364
    },
    "10": {
      "p1": 0.9234042553191489,
      "p3": 0.9893617021276596,
      "p5": 0.9957446808510638,
      "elapsed": 321.4917039871216
    }
  }
}