{
  "name": "param-eta-0.01-locomo-full",
  "config": {
    "name": "param-eta-0.01-locomo-full",
    "dataset": "LoCoMo-full-all",
    "method": "dgd_gt",
    "dgd": {
      "dim": 256,
      "alpha": 1.0,
      "eta": 0.01
    },
    "rounds": 3,
    "eval_every": 1
  },
  "dataset": "LoCoMo-full-all",
  "n_fragments": 272,
  "n_questions": 1976,
  "rounds": [
    {
      "round": 1,
      "metrics": {
        "1": 0.24746963562753035,
        "3": 0.3567813765182186,
        "5": 0.4185222672064777
      },
      "updates": 1976,
      "correct": 1976,
      "feedback_accuracy": 1.0,
      "errors": 0,
      "elapsed": 25.9
    },
    {
      "round": 2,
      "metrics": {
        "1": 0.26214574898785425,
        "3": 0.3684210526315789,
        "5": 0.43876518218623484
      },
      "updates": 1976,
      "correct": 1976,
      "feedback_accuracy": 1.0,
      "errors": 0,
      "elapsed": 25.9
    },
    {
      "round": 3,
      "metrics": {
        "1": 0.26619433198380565,
        "3": 0.3825910931174089,
        "5": 0.4681174089068826
      },
      "updates": 1976,
      "correct": 1976,
      "feedback_accuracy": 1.0,
      "errors": 0,
      "elapsed": 25.9
    }
  ]
}