{
  "name": "param-alpha-0.95-locomo-full",
  "config": {
    "name": "param-alpha-0.95-locomo-full",
    "dataset": "LoCoMo-full-all",
    "method": "dgd_gt",
    "dgd": {
      "dim": 256,
      "alpha": 0.95,
      "eta": 0.01
    },
    "rounds": 3,
    "eval_every": 1
  },
  "dataset": "LoCoMo-full-all",
  "n_fragments": 272,
  "n_questions": 1976,
  "rounds": [
    {
      "round": 1,
      "metrics": {
        "1": 0.011133603238866396,
        "3": 0.019230769230769232,
        "5": 0.027327935222672066
      },
      "updates": 1976,
      "correct": 1976,
      "feedback_accuracy": 1.0,
      "errors": 0,
      "elapsed": 25.8
    },
    {
      "round": 2,
      "metrics": {
        "1": 0.011133603238866396,
        "3": 0.019230769230769232,
        "5": 0.027327935222672066
      },
      "updates": 1976,
      "correct": 1976,
      "feedback_accuracy": 1.0,
      "errors": 0,
      "elapsed": 25.8
    },
    {
      "round": 3,
      "metrics": {
        "1": 0.011133603238866396,
        "3": 0.019230769230769232,
        "5": 0.027327935222672066
      },
      "updates": 1976,
      "correct": 1976,
      "feedback_accuracy": 1.0,
      "errors": 0,
      "elapsed": 25.9
    }
  ]
}