{
  "name": "param-eta-0.005-locomo-full",
  "config": {
    "name": "param-eta-0.005-locomo-full",
    "dataset": "LoCoMo-full-all",
    "method": "dgd_gt",
    "dgd": {
      "dim": 256,
      "alpha": 1.0,
      "eta": 0.005
    },
    "rounds": 3,
    "eval_every": 1
  },
  "dataset": "LoCoMo-full-all",
  "n_fragments": 272,
  "n_questions": 1976,
  "rounds": [
    {
      "round": 1,
      "metrics": {
        "1": 0.23785425101214575,
        "3": 0.3491902834008097,
        "5": 0.4104251012145749
      },
      "updates": 1976,
      "correct": 1976,
      "feedback_accuracy": 1.0,
      "errors": 0,
      "elapsed": 25.9
    },
    {
      "round": 2,
      "metrics": {
        "1": 0.24949392712550608,
        "3": 0.35931174089068824,
        "5": 0.4200404858299595
      },
      "updates": 1976,
      "correct": 1976,
      "feedback_accuracy": 1.0,
      "errors": 0,
      "elapsed": 25.9
    },
    {
      "round": 3,
      "metrics": {
        "1": 0.25809716599190285,
        "3": 0.3623481781376518,
        "5": 0.42864372469635625
      },
      "updates": 1976,
      "correct": 1976,
      "feedback_accuracy": 1.0,
      "errors": 0,
      "elapsed": 26.0
    }
  ]
}