{
  "name": "param-alpha-0.9-locomo-full",
  "config": {
    "name": "param-alpha-0.9-locomo-full",
    "dataset": "LoCoMo-full-all",
    "method": "dgd_gt",
    "dgd": {
      "dim": 256,
      "alpha": 0.9,
      "eta": 0.01
    },
    "rounds": 3,
    "eval_every": 1
  },
  "dataset": "LoCoMo-full-all",
  "n_fragments": 272,
  "n_questions": 1976,
  "rounds": [
    {
      "round": 1,
      "metrics": {
        "1": 0.012651821862348178,
        "3": 0.018724696356275303,
        "5": 0.02783400809716599
      },
      "updates": 1976,
      "correct": 1976,
      "feedback_accuracy": 1.0,
      "errors": 0,
      "elapsed": 25.6
    },
    {
      "round": 2,
      "metrics": {
        "1": 0.012651821862348178,
        "3": 0.018724696356275303,
        "5": 0.02783400809716599
      },
      "updates": 1976,
      "correct": 1976,
      "feedback_accuracy": 1.0,
      "errors": 0,
      "elapsed": 25.7
    },
    {
      "round": 3,
      "metrics": {
        "1": 0.012651821862348178,
        "3": 0.018724696356275303,
        "5": 0.02783400809716599
      },
      "updates": 1976,
      "correct": 1976,
      "feedback_accuracy": 1.0,
      "errors": 0,
      "elapsed": 25.7
    }
  ]
}